states,loglike,aic,bic
4,15897.17918942718,-31748.35837885436,-31593.363777640876
2,15689.158605886714,-31364.31721177343,-31317.14494183889
3,15716.912646088063,-31405.825292176127,-31311.48075230705
