states,loglike,aic,bic
4,17400.02365475993,-34754.04730951986,-34599.05270830638
3,17235.509133653683,-34443.018267307365,-34348.67372743829
2,17202.899750527064,-34391.79950105413,-34344.627231119586
