states,loglike,aic,bic
4,7778.6202610587125,-15511.240522117425,-15367.320652035625
2,7698.879402678127,-15383.758805356254,-15339.957105766141
3,7698.439895968144,-15368.879791936288,-15281.27639275606
